month,fixedIncome,variableIncome,fixedExpenses,variableExpenses,ing,bbva,revolut,directa,mwrd,smea,xmme,bond,cometa,eth,sol,link,op,usdt,ethPrice,solPrice,linkPrice,opPrice,mwrdPrice,smeaPrice,xmmePrice
Jan 2023,2770.00,449.00,2047.00,0.00,0.00,0.00,0.00,0.00,0.00,0.00,0.00,0.00,0.00,0.00,0.00,0.00,0.00,0.00,1460.5612921724,22.0506666747,6.4002810127,1.9972388455,0.00,0.00,0.00
Feb 2023,2600.00,236.00,2524.00,0.00,0.00,0.00,0.00,0.00,0.00,0.00,0.00,0.00,0.00,0.00,0.00,0.00,0.00,0.00,1518.3561813201,20.7217024404,6.8006150015,2.5528270434,0.00,0.00,0.00
Mar 2023,2606.00,651.00,2461.00,0.00,67535.00,0.00,0.00,0.00,0.00,0.00,0.00,0.00,8667.94,0.00,0.00,0.00,0.00,0.00,1676.57920291,19.4805615821,6.988332095,2.1040799951,0.00,0.00,0.00
Apr 2023,2930.00,476.00,3272.00,0.00,52669.80,0.00,0.00,14500.00,30.00,0.00,2.00,0.00,8667.94,11.90,0.00,0.00,0.00,15350.00,1704.6226737579,20.736034664,6.4047041484,1.9758617694,13.29,75.80,43.80
May 2023,3303.00,3971.00,1498.00,0.00,58446.00,0.00,31.88,13.56,893.00,0.00,67.00,0.00,8667.94,11.90,0.00,0.00,0.00,15350.00,1752.5912023583,19.4740127542,6.0598546357,1.295089278,13.24,76.20,44.20
Jun 2023,3578.00,1092.00,1350.00,0.00,59267.00,0.00,32.00,87.00,1037.00,0.00,76.00,0.00,8667.94,11.90,0.00,0.00,0.00,15350.00,1770.8977671584,17.3108910872,5.7788593629,1.2196854716,13.63,77.50,45.10
Jul 2023,2990.00,957.00,2002.00,0.00,60372.00,0.00,9.00,2.68,1037.00,0.00,76.00,0.00,8667.94,11.90,0.00,0.00,0.00,15350.00,1687.6747718356,21.5677579449,6.8598325242,1.4686017808,14.14,78.40,46.90
Aug 2023,2995.00,208.00,3233.00,0.00,59272.00,0.00,4.20,41.58,1037.00,14.00,76.00,0.00,9542.85,11.90,0.00,346.00,0.00,15350.00,1517.4948511751,18.1983403977,5.4179777843,1.2830776041,14.44,76.30,45.20
Sep 2023,141.00,3301.00,1818.00,0.00,15396.00,45000.00,139.00,65.00,1037.00,21.00,76.00,0.00,9574.00,13.68,0.00,346.00,0.00,12473.00,1579.4985858465,20.2216229015,7.7322646107,1.2725320453,14.34,75.10,44.50
Oct 2023,2957.00,429.00,1857.00,0.00,12145.00,49965.00,85.00,65.00,1037.00,21.00,76.00,0.00,9574.00,14.00,78.00,346.00,0.00,10000.00,1717.1167927885,36.4128843458,10.7529272411,1.3191521164,14.08,72.40,43.10
Nov 2023,2951.00,537.00,2295.80,0.00,12145.00,49989.88,66.00,26.00,1098.00,29.00,81.00,0.00,10870.00,14.00,78.00,346.00,395.00,10000.00,1884.2711082857,54.3845214691,13.2234408612,1.5345537236,13.65,76.90,45.80
Dec 2023,5970.00,668.00,1356.00,0.00,17765.00,49999.00,207.00,34.00,1098.00,36.00,81.00,0.00,10870.00,14.00,78.00,346.00,395.00,10000.00,2066.9901846214,91.9632565489,13.5410381842,3.358952894,14.47,79.20,46.70
Jan 2024,3675.00,3.00,1088.44,0.00,46001.34,22533.42,22.78,44.31,1098.00,53.00,81.00,0.00,11204.00,14.00,90.00,361.00,395.00,8991.00,2111.8786869541,89.7738719867,14.2472535462,2.6844405409,15.51,80.50,45.30
Feb 2024,2948.00,135.00,918.00,0.00,46001.00,24064.42,143.00,18.82,1098.00,67.00,81.00,0.00,12810.00,14.00,90.00,361.00,395.00,8991.00,3093.023457053,116.3488995439,17.8512236371,3.4238767615,16.07,82.10,47.80
Mar 2024,3094.00,354.00,1050.00,0.00,45999.54,25051.97,47.00,34.00,1098.00,80.00,81.00,0.00,13043.00,14.50,90.00,361.00,395.00,7868.00,3379.8337805906,187.9681572787,17.731602362,3.4179034986,16.67,85.30,49.20
Apr 2024,2900.00,57.00,961.00,0.00,45800.00,26333.00,40.00,111.00,1098.00,106.00,81.00,0.00,13313.00,15.00,90.00,361.00,395.00,6341.80,2824.1513628819,119.0331255344,12.3132538221,2.3776012752,16.32,84.10,48.90
May 2024,2889.00,59.00,842.00,0.00,45958.00,26853.77,40.00,0.00,1098.00,106.00,81.00,0.00,14381.00,15.00,90.00,361.00,395.00,6341.80,3463.0672987856,152.5559752482,16.967374407,2.2643529715,16.57,86.90,50.50
Jun 2024,2886.00,399.00,670.00,0.00,45958.00,31746.00,40.00,0.00,1098.00,118.00,81.00,0.00,14381.00,15.50,90.00,361.00,395.00,4661.80,3197.6984251596,136.4561502137,13.2832189454,1.6760851953,16.52,85.20,51.20
Jul 2024,5934.00,63.00,1071.00,0.00,45909.00,36680.00,20.00,18.00,1098.00,131.00,81.00,0.00,14915.00,15.50,90.00,361.00,395.00,4661.80,2985.0580486559,158.7323162106,11.8512379816,1.462748194,17.34,86.10,50.80
Aug 2024,6644.00,78.00,1425.00,0.00,41000.00,37297.00,20.00,18.00,1098.00,144.00,81.00,0.00,14915.00,16.50,90.00,361.00,395.00,2261.00,2272.4045215091,122.3943041168,9.9675157091,1.2823963308,17.38,87.40,51.40
Sep 2024,3247.00,419.00,950.00,0.00,1000.00,84608.00,20.00,18.00,1098.00,151.00,81.00,0.00,14915.00,16.50,90.00,361.00,395.00,2261.00,2337.2665603862,137.0347463273,10.6405232846,1.5728531911,17.32,88.20,53.10
Oct 2024,0.00,155.00,820.00,0.00,807.00,81878.00,6.00,15.00,1110.00,185.00,98.00,0.00,16986.00,16.50,90.00,361.00,395.00,2261.00,2311.2068815032,154.732762438,10.4933546579,1.4792129943,18.17,87.10,54.20
Nov 2024,689.00,209.00,709.00,0.00,1000.00,80682.00,6.00,8.00,1125.00,185.00,98.00,0.00,18270.00,16.50,90.00,361.00,395.00,2261.00,3503.2180578998,224.7529543572,17.9832243734,2.3189571452,18.87,88.50,55.80
Dec 2024,4055.00,197.00,2782.00,0.00,1000.00,81886.00,468.00,8.00,1125.00,157.00,81.00,0.00,22790.81,16.50,90.00,361.00,395.00,2261.00,3219.84216107,182.8644972806,19.3250197778,1.6925102439,19.00,90.00,60.50
Jan 2025,2949.00,0.00,296.00,663.66,0.00,83885.00,65.00,66.00,1150.00,165.00,85.00,0.00,22572.00,16.50,90.00,361.00,395.00,2261.00,3183.1920143234,223.5562962722,24.2709380911,1.3759625555,19.00,91.20,61.10
Feb 2025,3485.00,205.00,431.00,550.00,0.00,85437.00,0.00,0.00,170.00,165.00,85.00,0.00,23000.00,16.50,90.00,361.00,395.00,2261.00,2156.3335956446,142.6343240016,14.276619692,1.0406414158,143.20,92.10,60.80
Mar 2025,3204.00,130.00,287.00,592.00,0.00,86923.00,0.00,0.00,174.00,169.00,87.00,0.00,24748.00,16.50,90.00,361.00,395.00,2261.00,1685.6686799897,115.270244542,12.4912576823,0.6776408363,144.80,92.80,62.50
Apr 2025,3225.00,132.00,431.00,1256.00,0.00,87303.00,0.00,0.00,179.00,174.00,90.00,0.00,23939.00,17.90,90.00,361.00,395.00,0.00,1583.928757725,130.3710166896,12.620868279,0.6442243486,145.20,92.90,63.50
May 2025,3183.00,143.00,431.00,706.00,0.00,88405.00,0.00,0.00,182.00,178.00,94.00,0.00,25257.74,17.90,90.00,361.00,395.00,0.00,2228.8727436776,138.0451645634,12.3177112146,0.5737115037,146.80,93.50,64.10
Jun 2025,3207.00,149.00,287.00,1106.00,0.00,93852.00,137.00,297.00,186.00,181.00,96.00,0.00,25905.00,17.90,90.00,361.00,395.00,0.00,2109.8420667428,131.297700622,11.3539933238,0.4805557785,147.50,92.80,63.90
Jul 2025,6499.00,0.00,431.00,741.00,0.00,96724.00,0.00,300.00,190.00,185.00,98.00,0.00,28088.00,17.90,90.00,361.00,395.00,0.00,3235.5545757621,150.9149250581,14.8403057671,0.5846254642,148.20,93.10,64.50
Aug 2025,5184.00,0.00,287.00,1225.00,16941.00,84574.00,0.00,300.00,196.00,189.00,100.00,0.00,28464.00,17.90,90.00,361.00,395.00,0.00,3755.3804046974,171.8258995027,19.8666745787,0.5920768803,146.90,91.50,63.20
Sep 2025,7354.00,95.00,431.00,592.00,99748.00,9906.00,16.00,163.00,200.00,192.00,102.00,0.00,28597.00,17.90,90.00,389.00,395.00,0.00,3532.5052380543,177.8566467135,18.1734063559,0.5712058947,145.50,92.30,63.80
Oct 2025,8459.00,0.00,431.00,1094.00,101111.00,9507.00,6.00,323.00,203.00,195.00,104.00,0.00,28597.00,17.90,90.00,389.00,395.00,0.00,3316.7218396605,161.4007759324,14.8633323574,0.3438552112,143.80,90.80,62.40
Nov 2025,3496.00,8.00,287.00,609.00,104445.00,7743.00,36.00,83.00,209.00,198.00,106.00,0.00,34207.00,17.90,90.00,389.00,395.00,0.00,2579.506133384,115.1464996334,11.1913745661,0.2756276212,142.10,91.50,63.10
Dec 2025,6759.00,7.00,287.00,1213.00,103441.00,11909.00,2.00,143.00,213.00,200.00,109.00,0.00,34196.00,17.90,90.00,389.00,395.00,0.00,2528.9010738707,106.1020964372,10.3882288276,0.2281764518,140.25,92.92,63.54
